"Language","original","english","czech","german","russian","polish","hungarian","italian","spanish","french","chinese","japanese","portuguese","chinesesimp",
"STR_OZR_RADIO_100","Radio (100 m)","Radio (100 m)","Radio (100 m)","Radio (100 m)","Radio (100 m)","Radio (100 m)","Radio (100 m)","Radio (100 m)","Radio (100 m)","Radio (100 m)","Radio (100 m)","Radio (100 m)","Radio (100 m)","Radio (100 m)",
"STR_OZR_RADIO_200","Radio (200 m)","Radio (200 m)","Radio (200 m)","Radio (200 m)","Radio (200 m)","Radio (200 m)","Radio (200 m)","Radio (200 m)","Radio (200 m)","Radio (200 m)","Radio (200 m)","Radio (200 m)","Radio (200 m)","Radio (200 m)",
"STR_OZR_RADIO_500","Radio (500 m)","Radio (500 m)","Radio (500 m)","Radio (500 m)","Radio (500 m)","Radio (500 m)","Radio (500 m)","Radio (500 m)","Radio (500 m)","Radio (500 m)","Radio (500 m)","Radio (500 m)","Radio (500 m)","Radio (500 m)",
"STR_OZR_RADIO_1000","Radio (1 km)","Radio (1 km)","Radio (1 km)","Radio (1 km)","Radio (1 km)","Radio (1 km)","Radio (1 km)","Radio (1 km)","Radio (1 km)","Radio (1 km)","Radio (1 km)","Radio (1 km)","Radio (1 km)","Radio (1 km)",
"STR_OZR_RADIO_5000","Radio (5 km)","Radio (5 km)","Radio (5 km)","Radio (5 km)","Radio (5 km)","Radio (5 km)","Radio (5 km)","Radio (5 km)","Radio (5 km)","Radio (5 km)","Radio (5 km)","Radio (5 km)","Radio (5 km)","Radio (5 km)",
"STR_OZR_RADIO_DESC","A handheld transceiver. How far it carries and how finely it tunes are printed on the case - the cheap sets are stuck in the crowded middle of the band, the good ones reach past where the cheap ones can hear.","A handheld transceiver. How far it carries and how finely it tunes are printed on the case - the cheap sets are stuck in the crowded middle of the band, the good ones reach past where the cheap ones can hear.","A handheld transceiver. How far it carries and how finely it tunes are printed on the case - the cheap sets are stuck in the crowded middle of the band, the good ones reach past where the cheap ones can hear.","A handheld transceiver. How far it carries and how finely it tunes are printed on the case - the cheap sets are stuck in the crowded middle of the band, the good ones reach past where the cheap ones can hear.","A handheld transceiver. How far it carries and how finely it tunes are printed on the case - the cheap sets are stuck in the crowded middle of the band, the good ones reach past where the cheap ones can hear.","A handheld transceiver. How far it carries and how finely it tunes are printed on the case - the cheap sets are stuck in the crowded middle of the band, the good ones reach past where the cheap ones can hear.","A handheld transceiver. How far it carries and how finely it tunes are printed on the case - the cheap sets are stuck in the crowded middle of the band, the good ones reach past where the cheap ones can hear.","A handheld transceiver. How far it carries and how finely it tunes are printed on the case - the cheap sets are stuck in the crowded middle of the band, the good ones reach past where the cheap ones can hear.","A handheld transceiver. How far it carries and how finely it tunes are printed on the case - the cheap sets are stuck in the crowded middle of the band, the good ones reach past where the cheap ones can hear.","A handheld transceiver. How far it carries and how finely it tunes are printed on the case - the cheap sets are stuck in the crowded middle of the band, the good ones reach past where the cheap ones can hear.","A handheld transceiver. How far it carries and how finely it tunes are printed on the case - the cheap sets are stuck in the crowded middle of the band, the good ones reach past where the cheap ones can hear.","A handheld transceiver. How far it carries and how finely it tunes are printed on the case - the cheap sets are stuck in the crowded middle of the band, the good ones reach past where the cheap ones can hear.","A handheld transceiver. How far it carries and how finely it tunes are printed on the case - the cheap sets are stuck in the crowded middle of the band, the good ones reach past where the cheap ones can hear.","A handheld transceiver. How far it carries and how finely it tunes are printed on the case - the cheap sets are stuck in the crowded middle of the band, the good ones reach past where the cheap ones can hear.",
"oz_input_radio_freq","Radio: frequency keypad","Radio: frequency keypad","Radio: frequency keypad","Radio: frequency keypad","Radio: frequency keypad","Radio: frequency keypad","Radio: frequency keypad","Radio: frequency keypad","Radio: frequency keypad","Radio: frequency keypad","Radio: frequency keypad","Radio: frequency keypad","Radio: frequency keypad","Radio: frequency keypad",
"STR_OZR_KEYPAD_HINT","Type a frequency, then TUNE","Type a frequency, then TUNE","Type a frequency, then TUNE","Type a frequency, then TUNE","Type a frequency, then TUNE","Type a frequency, then TUNE","Type a frequency, then TUNE","Type a frequency, then TUNE","Type a frequency, then TUNE","Type a frequency, then TUNE","Type a frequency, then TUNE","Type a frequency, then TUNE","Type a frequency, then TUNE","Type a frequency, then TUNE",
"STR_OZR_KEYPAD_OUT","Outside this set's band","Outside this set's band","Outside this set's band","Outside this set's band","Outside this set's band","Outside this set's band","Outside this set's band","Outside this set's band","Outside this set's band","Outside this set's band","Outside this set's band","Outside this set's band","Outside this set's band","Outside this set's band",
"STR_OZR_PTT_LIVE","ON AIR","ON AIR","ON AIR","ON AIR","ON AIR","ON AIR","ON AIR","ON AIR","ON AIR","ON AIR","ON AIR","ON AIR","ON AIR","ON AIR",
"STR_OZR_PTT_LOCK","LOCKED","LOCKED","LOCKED","LOCKED","LOCKED","LOCKED","LOCKED","LOCKED","LOCKED","LOCKED","LOCKED","LOCKED","LOCKED","LOCKED",
"STR_OZR_RADIO_50","Radio (50 m)","Radio (50 m)","Radio (50 m)","Radio (50 m)","Radio (50 m)","Radio (50 m)","Radio (50 m)","Radio (50 m)","Radio (50 m)","Radio (50 m)","Radio (50 m)","Radio (50 m)","Radio (50 m)","Radio (50 m)",
"STR_OZR_RADIO_250","Radio (250 m)","Radio (250 m)","Radio (250 m)","Radio (250 m)","Radio (250 m)","Radio (250 m)","Radio (250 m)","Radio (250 m)","Radio (250 m)","Radio (250 m)","Radio (250 m)","Radio (250 m)","Radio (250 m)","Radio (250 m)",
"STR_OZR_RADIO_750","Radio (750 m)","Radio (750 m)","Radio (750 m)","Radio (750 m)","Radio (750 m)","Radio (750 m)","Radio (750 m)","Radio (750 m)","Radio (750 m)","Radio (750 m)","Radio (750 m)","Radio (750 m)","Radio (750 m)","Radio (750 m)",
"STR_OZR_RADIO_2000","Radio (2 km)","Radio (2 km)","Radio (2 km)","Radio (2 km)","Radio (2 km)","Radio (2 km)","Radio (2 km)","Radio (2 km)","Radio (2 km)","Radio (2 km)","Radio (2 km)","Radio (2 km)","Radio (2 km)","Radio (2 km)",
"STR_OZR_RADIO_10000","Radio (10 km)","Radio (10 km)","Radio (10 km)","Radio (10 km)","Radio (10 km)","Radio (10 km)","Radio (10 km)","Radio (10 km)","Radio (10 km)","Radio (10 km)","Radio (10 km)","Radio (10 km)","Radio (10 km)","Radio (10 km)",
"oz_input_radio_ptt","Radio: push to talk","Radio: push to talk","Radio: push to talk","Radio: push to talk","Radio: push to talk","Radio: push to talk","Radio: push to talk","Radio: push to talk","Radio: push to talk","Radio: push to talk","Radio: push to talk","Radio: push to talk","Radio: push to talk","Radio: push to talk",
"oz_input_group","OpenZone","OpenZone","OpenZone","OpenZone","OpenZone","OpenZone","OpenZone","OpenZone","OpenZone","OpenZone","OpenZone","OpenZone","OpenZone","OpenZone",
"STR_OZR_TOAST_TITLE","Radio","Radio","Radio","Radio","Radio","Radio","Radio","Radio","Radio","Radio","Radio","Radio","Radio","Radio",
"STR_OZR_NOT_INIT","Radio not initialised: the server sent no frequency grid","Radio not initialised: the server sent no frequency grid","Radio not initialised: the server sent no frequency grid","Radio not initialised: the server sent no frequency grid","Radio not initialised: the server sent no frequency grid","Radio not initialised: the server sent no frequency grid","Radio not initialised: the server sent no frequency grid","Radio not initialised: the server sent no frequency grid","Radio not initialised: the server sent no frequency grid","Radio not initialised: the server sent no frequency grid","Radio not initialised: the server sent no frequency grid","Radio not initialised: the server sent no frequency grid","Radio not initialised: the server sent no frequency grid","Radio not initialised: the server sent no frequency grid",
"STR_OZR_ERR_NO_RADIO_HANDS","Nothing in hands that can transmit","Nothing in hands that can transmit","Nothing in hands that can transmit","Nothing in hands that can transmit","Nothing in hands that can transmit","Nothing in hands that can transmit","Nothing in hands that can transmit","Nothing in hands that can transmit","Nothing in hands that can transmit","Nothing in hands that can transmit","Nothing in hands that can transmit","Nothing in hands that can transmit","Nothing in hands that can transmit","Nothing in hands that can transmit",
"STR_OZR_ERR_SWITCHED_OFF","The radio is switched off","The radio is switched off","The radio is switched off","The radio is switched off","The radio is switched off","The radio is switched off","The radio is switched off","The radio is switched off","The radio is switched off","The radio is switched off","The radio is switched off","The radio is switched off","The radio is switched off","The radio is switched off",
"STR_OZR_ERR_NO_OVERLAP","This set's band lies outside the running ether - the server needs a restart","This set's band lies outside the running ether - the server needs a restart","This set's band lies outside the running ether - the server needs a restart","This set's band lies outside the running ether - the server needs a restart","This set's band lies outside the running ether - the server needs a restart","This set's band lies outside the running ether - the server needs a restart","This set's band lies outside the running ether - the server needs a restart","This set's band lies outside the running ether - the server needs a restart","This set's band lies outside the running ether - the server needs a restart","This set's band lies outside the running ether - the server needs a restart","This set's band lies outside the running ether - the server needs a restart","This set's band lies outside the running ether - the server needs a restart","This set's band lies outside the running ether - the server needs a restart","This set's band lies outside the running ether - the server needs a restart",
"STR_OZR_ERR_OFF_STEP_SET","Between this set's channels","Between this set's channels","Between this set's channels","Between this set's channels","Between this set's channels","Between this set's channels","Between this set's channels","Between this set's channels","Between this set's channels","Between this set's channels","Between this set's channels","Between this set's channels","Between this set's channels","Between this set's channels",
